{"initial_reset_timestamp": 1581447582.34994, "timestamps": [1581447584.933671, 1581447585.643598, 1581447586.288061, 1581447587.351934, 1581447587.888916, 1581447588.455057, 1581447589.340649, 1581447590.411885, 1581447591.48315, 1581447592.108036], "episode_lengths": [23, 16, 17, 32, 10, 15, 26, 31, 25, 14], "episode_rewards": [23.0, 16.0, 17.0, 32.0, 10.0, 15.0, 26.0, 31.0, 25.0, 14.0], "episode_types": ["t", "t", "t", "t", "t", "t", "t", "t", "t", "t"]}