{"initial_reset_timestamp": 1581447979.406175, "timestamps": [1581447986.48299, 1581447992.2804868, 1581447998.063833, 1581448003.8792021, 1581448009.6518521, 1581448015.429163, 1581448021.26404, 1581448027.1018791, 1581448033.503911, 1581448037.550467], "episode_lengths": [200, 200, 200, 200, 200, 200, 200, 200, 200, 138], "episode_rewards": [200.0, 200.0, 200.0, 200.0, 200.0, 200.0, 200.0, 200.0, 200.0, 138.0], "episode_types": ["t", "t", "t", "t", "t", "t", "t", "t", "t", "t"]}